archivo,media,mediana,varianza,minimo,maximo
skewed_1000.csv,20243.373,14020.0,414812974.523871,36,160415
gaussian_10000.csv,50210.9987,50084.0,230250084.55869833,0,103286
gaussian_100.csv,48413.47,49605.0,306586809.5091,519,88838
uniform_1000.csv,49893.037,50288.5,829333522.877631,37,99988
skewed_100.csv,19785.66,14873.0,329411228.50439996,836,82613
gaussian_1000.csv,50058.063,50059.0,229958303.855031,1148,100165
skewed_10000.csv,20049.0541,13914.5,399674334.22297317,0,186508
uniform_100.csv,47901.22,50203.5,873890941.4716,2428,99633
uniform_10000.csv,49876.7455,50047.5,837859363.1775298,0,100000
